<?xml version="1.0" encoding="UTF-8"?>
<repomd xmlns="http://linux.duke.edu/metadata/repo" xmlns:rpm="http://linux.duke.edu/metadata/rpm">
 <revision>1591632798</revision>
<data type="filelists">
  <checksum type="sha256">648ada45c69200e0196fbe2abdb49e76520554a710efdb82648726ff0bd8d81e</checksum>
  <open-checksum type="sha256">486affda6f46813dac4bc0009d6b90a682ba6a46c6bb091323ae15dfea47c251</open-checksum>
  <location href="repodata/648ada45c69200e0196fbe2abdb49e76520554a710efdb82648726ff0bd8d81e-filelists.xml.gz"/>
  <timestamp>1591632802</timestamp>
  <size>388886</size>
  <open-size>6789960</open-size>
</data>
<data type="primary">
  <checksum type="sha256">ad701ce45349ec1523dac0f7f9284abfbbf7a0a5c128c312a8fefe83cc9887c2</checksum>
  <open-checksum type="sha256">5031e17412cb214d496f939952ef32eed8ef5f43075f7a4af980928609942232</open-checksum>
  <location href="repodata/ad701ce45349ec1523dac0f7f9284abfbbf7a0a5c128c312a8fefe83cc9887c2-primary.xml.gz"/>
  <timestamp>1591632802</timestamp>
  <size>45718</size>
  <open-size>451811</open-size>
</data>
<data type="primary_db">
  <checksum type="sha256">6fc0f980b9f0e0da6183af5cb50c8ebc1c38d4983b4fc6e6dee5e591f82e0d7b</checksum>
  <open-checksum type="sha256">f95192ae14839f2edefd1209823e113abf33bdcc211526dd294522d5b1ac7dcb</open-checksum>
  <location href="repodata/6fc0f980b9f0e0da6183af5cb50c8ebc1c38d4983b4fc6e6dee5e591f82e0d7b-primary.sqlite.bz2"/>
  <timestamp>1591632803</timestamp>
  <database_version>10</database_version>
  <size>96914</size>
  <open-size>513024</open-size>
</data>
<data type="other_db">
  <checksum type="sha256">416d2386e64d61d13a02e4e72e66181e5ab8907d0304b2a043f0d87268122c5a</checksum>
  <open-checksum type="sha256">d50824c7cecf84e88a30dff69ef6e448301f082c0e04ef9e3e730c0a83984dfc</open-checksum>
  <location href="repodata/416d2386e64d61d13a02e4e72e66181e5ab8907d0304b2a043f0d87268122c5a-other.sqlite.bz2"/>
  <timestamp>1591632802</timestamp>
  <database_version>10</database_version>
  <size>13012</size>
  <open-size>53248</open-size>
</data>
<data type="other">
  <checksum type="sha256">ff8e1a97b087fa6923d212ebdc0feb118f7afecc22358c3479c9bc75501cb2b8</checksum>
  <open-checksum type="sha256">acb66f578ae409d553e06997e269797a6f805223958ce88ba5126156817e975f</open-checksum>
  <location href="repodata/ff8e1a97b087fa6923d212ebdc0feb118f7afecc22358c3479c9bc75501cb2b8-other.xml.gz"/>
  <timestamp>1591632802</timestamp>
  <size>8693</size>
  <open-size>55868</open-size>
</data>
<data type="filelists_db">
  <checksum type="sha256">ec95bc967925c519418f13a290cbfcb3c22fe195e42c541a5e535edc8af9697f</checksum>
  <open-checksum type="sha256">413b0c3e897b0119196ffec9deee070e01ad34919d07e4d0e42e48d39e4c41b1</open-checksum>
  <location href="repodata/ec95bc967925c519418f13a290cbfcb3c22fe195e42c541a5e535edc8af9697f-filelists.sqlite.bz2"/>
  <timestamp>1591632802</timestamp>
  <database_version>10</database_version>
  <size>435178</size>
  <open-size>3487744</open-size>
</data>
</repomd>
